1,odanelet0,VRzOXObPeqBm,odanelet0@com.com,Olivie,Danelet,Female
2,tstanfield1,pkddgaf,tstanfield1@google.co.uk,Thaxter,Stanfield,Male
3,kmoulds2,Mcmd2T,kmoulds2@mit.edu,Kristoffer,Moulds,Male
4,wdurrand3,IaRfFhk,wdurrand3@ustream.tv,Whittaker,Durrand,Male
5,hliddel4,I9x5olM6Y,hliddel4@webs.com,Hadria,Liddel,Female
6,aguiet5,bH9O1fwX1tR5,aguiet5@edublogs.org,Adah,Guiet,Female
7,wdoumenc6,VR1M97qCFg,wdoumenc6@cbslocal.com,Wallache,Doumenc,Male
8,jtroop7,2FmmRKX,jtroop7@technorati.com,Jessalin,Troop,Female
9,zberford8,IDkXgsuCfPB1,zberford8@oaic.gov.au,Zachery,Berford,Male
10,grichichi9,ADwd2M1BdX,grichichi9@mail.ru,Gilbertina,Richichi,Female
11,tderbya,GgzGwU6b,tderbya@imageshack.us,Tracie,Derby,Male
12,mlumlyb,XutSstCGpQ,mlumlyb@bandcamp.com,Malachi,Lumly,Male
13,lfishleighc,zSy5GE,lfishleighc@hao123.com,Lazar,Fishleigh,Male
14,cculpd,IwDgAW,cculpd@1und1.de,Cy,Culp,Male
15,icrowdye,RdKXr1,icrowdye@upenn.edu,Ignaz,Crowdy,Male
16,bcotgravef,Gc6x2A6XBH9n,bcotgravef@vkontakte.ru,Berrie,Cotgrave,Female
17,wclementig,CUN8JRh7X,wclementig@typepad.com,Wolfgang,Clementi,Male
18,tmatyh,H9J9jvNvZm,tmatyh@ted.com,Tonie,Maty,Female
19,lhillsi,FFiHumO4xhSF,lhillsi@gizmodo.com,Lil,Hills,Female
20,amussillij,Lkf0hNznvjzY,amussillij@webeden.co.uk,Anet,Mussilli,Female
21,obenitok,DZy68zXY,obenitok@meetup.com,Olwen,Benito,Female
22,tmintol,r6dh0O,tmintol@youtube.com,Torrey,Minto,Male
23,bgresserm,X4PhcoTpJV,bgresserm@deliciousdays.com,Beulah,Gresser,Female
24,hsylvainen,daSM4XxFF,hsylvainen@ucsd.edu,Heloise,Sylvaine,Female
25,oburgyno,dNUHLow2o,oburgyno@amazon.com,Olive,Burgyn,Female
26,pbenamp,7ehoWKIc9Wo5,pbenamp@squidoo.com,Pincas,Benam,Male
27,sstampferq,Uza5ck0,sstampferq@dropbox.com,Sigfrid,Stampfer,Male
28,njouanotr,HB3TAOKtO,njouanotr@mail.ru,Nathanial,Jouanot,Male
29,tbeners,NKTsNQ,tbeners@techcrunch.com,Tucker,Bener,Male
30,sfannont,HEsRPz,sfannont@goo.ne.jp,Selia,Fannon,Female
31,ngiuriou,oQCLBtPgI8,ngiuriou@hubpages.com,Nisse,Giurio,Female
32,ktothv,eJMnkD,ktothv@ustream.tv,Katha,Toth,Female
33,splluw,dAoHXt7VdAP,splluw@virginia.edu,Saleem,Pllu,Male
34,lweatherdonx,TFWOKm8bSpIL,lweatherdonx@ustream.tv,Les,Weatherdon,Male
35,adestoopy,EWzSTl,adestoopy@photobucket.com,Ally,DeStoop,Female
36,lgouchz,mxqseqMK,lgouchz@quantcast.com,Livvie,Gouch,Female
37,hhullett10,2qfWL1Rv,hhullett10@wufoo.com,Hugh,Hullett,Male
38,ckaliszewski11,zCMa6FdR,ckaliszewski11@washingtonpost.com,Christoffer,Kaliszewski,Male
39,vbuterton12,8ih7red1CC,vbuterton12@icio.us,Vivianne,Buterton,Female
40,jfranzen13,rCkpqpcG,jfranzen13@msn.com,Jasen,Franzen,Male
41,tcroneen14,Nt0cKzN,tcroneen14@com.com,Teri,Croneen,Female
42,akellen15,Kg1RwUrNV,akellen15@biblegateway.com,Anastassia,Kellen,Female
43,gtandy16,yUq3Ir8N,gtandy16@techcrunch.com,Gussy,Tandy,Female
44,rblackledge17,gf6w5CMe,rblackledge17@time.com,Rudiger,Blackledge,Male
45,gshepcutt18,1BFCUVbL,gshepcutt18@shareasale.com,Germana,Shepcutt,Female
46,icrebo19,pgl7vgQ5U,icrebo19@behance.net,Irena,Crebo,Female
47,jpuller1a,MhzF68pzB,jpuller1a@livejournal.com,Jillana,Puller,Female
48,acavendish1b,G5CBUdXBcuz,acavendish1b@baidu.com,Abran,Cavendish,Male
49,acree1c,gpvYdsg,acree1c@ovh.net,Artemis,Cree,Male
50,sbraunfeld1d,BHZ1hnqYOz,sbraunfeld1d@dmoz.org,Steffane,Braunfeld,Female
